{
  "hash": "074cb880",
  "configHash": "c72b1de6",
  "lockfileHash": "20618439",
  "browserHash": "55b8006f",
  "optimized": {
    "@angular/common": {
      "src": "../../../../../node_modules/@angular/common/fesm2022/common.mjs",
      "file": "@angular_common.js",
      "fileHash": "e8a30029",
      "needsInterop": false
    },
    "@angular/common/http": {
      "src": "../../../../../node_modules/@angular/common/fesm2022/http.mjs",
      "file": "@angular_common_http.js",
      "fileHash": "8afd73c0",
      "needsInterop": false
    },
    "@angular/core": {
      "src": "../../../../../node_modules/@angular/core/fesm2022/core.mjs",
      "file": "@angular_core.js",
      "fileHash": "2e33a265",
      "needsInterop": false
    },
    "@angular/forms": {
      "src": "../../../../../node_modules/@angular/forms/fesm2022/forms.mjs",
      "file": "@angular_forms.js",
      "fileHash": "ca4febb3",
      "needsInterop": false
    },
    "@angular/platform-browser": {
      "src": "../../../../../node_modules/@angular/platform-browser/fesm2022/platform-browser.mjs",
      "file": "@angular_platform-browser.js",
      "fileHash": "efe2ea42",
      "needsInterop": false
    },
    "@angular/router": {
      "src": "../../../../../node_modules/@angular/router/fesm2022/router.mjs",
      "file": "@angular_router.js",
      "fileHash": "a7feb816",
      "needsInterop": false
    },
    "@auth0/angular-jwt": {
      "src": "../../../../../node_modules/@auth0/angular-jwt/fesm2020/auth0-angular-jwt.mjs",
      "file": "@auth0_angular-jwt.js",
      "fileHash": "259dc1cb",
      "needsInterop": false
    },
    "rxjs": {
      "src": "../../../../../node_modules/rxjs/dist/esm5/index.js",
      "file": "rxjs.js",
      "fileHash": "22acfcab",
      "needsInterop": false
    }
  },
  "chunks": {
    "chunk-WE55HDQX": {
      "file": "chunk-WE55HDQX.js"
    },
    "chunk-IJD72WNW": {
      "file": "chunk-IJD72WNW.js"
    },
    "chunk-ZKJLMIWG": {
      "file": "chunk-ZKJLMIWG.js"
    },
    "chunk-KJZSCXEF": {
      "file": "chunk-KJZSCXEF.js"
    },
    "chunk-2CVCC5YH": {
      "file": "chunk-2CVCC5YH.js"
    }
  }
}